￥,1
？,3893
；,1182
：,11696
．,24
＋,1
！,6044
,1
,1
,1
龟,36
龛,1
龚,1
龙,867
龈,1
龄,11
龁,1
齿,78
齑,2
齐,522
齆,2
齁,2
鼾,12
鼻,97
鼠,23
鼓,142
鼎,13
鼍,30
鼋,48
黯,2
黠,1
黛,7
默,36
黑,222
黎,27
黍,4
黄,372
麾,2
麻,78
麦,11
麟,17
麝,6
麖,1
麓,1
麒,16
麋,7
麈,1
麂,10
鹿,102
鹳,1
鹰,56
鹭,9
鹫,8
鹧,4
鹦,15
鹥,1
鹤,71
鹞,7
鹜,1
鹚,3
鹗,1
鹑,1
鹐,1
鹏,15
鹌,1
鹊,19
鹉,4
鹅,39
鹄,1
鹃,5
鹂,7
鹁,1
鸿,12
鸾,39
鸽,1
鸶,3
鸳,10
鸯,7
鸭,7
鸬,1
鸪,4
鸨,3
鸦,30
鸥,6
鸣,84
鸡,85
鸟,89
鷫,1
鷃,1
鴏,3
鳷,3
鳠,1
鳞,39
鳝,1
鳜,20
鳖,20
鳏,1
鳌,9
鳅,2
鲻,1
鲸,4
鲳,1
鲲,2
鲮,3
鲭,3
鲫,1
鲨,2
鲥,2
鲤,24
鲜,40
鲙,1
鲍,1
鲌,4
鲊,2
鲈,2
鲇,10
鲆,1
鲅,1
鲂,1
鲁,27
鱼,129
鱨,1
鱑,3
鯾,4
鮆,1
魔,874
魑,5
魏,52
魍,9
魉,9
魈,3
魇,6
魅,15
魄,53
魂,170
魁,5
魀,5
鬼,293
鬣,6
鬟,16
鬘,1
鬓,31
鬏,1
鬅,1
鬃,16
髽,3
髻,22
髯,13
髭,3
高,780
髓,8
髅,16
骸,17
骷,17
骨,142
骦,2
骥,1
骤,8
骢,4
骡,9
骠,1
骞,1
骝,3
骘,3
骗,53
骕,2
骑,51
骐,1
骏,8
验,27
骋,11
骊,3
骈,2
骇,8
骆,3
骅,2
骄,1
骂,238
骁,14
驿,89
驾,354
驽,1
驼,28
驻,3
驹,2
驸,64
驷,2
驴,7
驱,7
驰,5
驯,8
驮,114
马,1142
騠,1
騕,1
騔,1
騊,1
騄,1
騂,2
駼,1
駬,1
駔,2
駃,1
馨,9
馥,21
香,456
首,186
馕,13
馔,8
馒,9
馑,1
馐,11
馍,38
馋,4
馉,1
馆,75
馅,8
馁,5
馀,12
饿,55
饼,33
饷,2
饶,183
饵,5
饳,1
饲,1
饱,57
饰,14
饯,4
饮,122
饭,272
饫,1
饧,3
饥,60
餪,1
餐,52
餂,5
食,158
飞,458
飘,149
飖,9
飕,25
飒,23
风,1042
颧,2
颤,7
颠,27
额,23
颜,59
题,178
颗,41
颖,4
颔,7
颓,9
频,12
颐,1
颏,2
颉,1
颈,28
颇,14
领,313
颅,3
预,21
颂,15
颁,2
顿,132
顾,105
顽,80
须,370
顺,103
项,58
顷,64
顶,238
韶,2
韵,18
音,323
韭,1
韬,5
韩,6
韂,4
鞭,60
鞦,1
鞠,3
鞘,3
鞒,1
鞑,2
鞍,52
鞋,58
鞄,1
靿,2
靼,2
靸,1
靴,25
靦,3
面,955
靡,1
靠,23
非,153
靛,15
静,124
靖,4
青,277
霾,2
霹,11
霸,4
露,92
霭,43
霞,103
霜,54
霖,4
霓,16
霏,2
霎,42
霍,1
霉,1
震,10
霆,6
霄,124
霁,2
需,3
雾,231
雹,1
雷,268
零,32
雳,11
雪,104
雨,303
雕,41
雏,10
雍,1
雌,20
雉,4
雇,4
集,39
雅,30
雄,119
雁,24
雀,35
难,714
隶,3
障,26
隙,5
隘,1
隔,35
隐,102
随,396
隍,19
隋,1
隆,10
隅,5
陷,30
陶,12
陵,16
陲,1
陪,91
险,59
除,118
院,165
陡,29
陛,170
陕,2
限,22
降,435
陌,8
陋,27
陈,153
陆,17
际,35
附,16
陀,54
阿,76
阻,69
阶,72
阵,233
阴,278
阳,221
防,48
阮,1
阡,1
队,16
阜,1
阙,48
阖,2
阕,1
阔,49
阒,1
阑,1
阐,9
阎,78
阊,2
阇,4
阆,4
阅,3
阃,1
阁,120
闾,1
闽,1
闻,863
闺,4
闹,146
闸,2
闷,45
间,739
闲,125
闱,3
闰,9
闯,48
问,928
闭,83
闪,145
门,1803
长,1394
镶,5
镵,1
镰,3
镯,2
镫,5
镟,1
镜,29
镕,1
镔,2
镌,8
镇,70
镂,1
锻,6
锺,51
锯,13
键,1
锭,11
锦,191
锥,2
锤,38
锣,36
锢,2
锡,43
锟,4
锚,1
错,91
锐,17
锋,81
锉,12
锈,5
锅,97
锄,6
锁,126
销,13
铿,1
链,2
铺,102
铸,14
银,208
铳,1
铲,21
铭,2
铩,1
铣,1
铠,9
铜,91
铛,2
铙,29
铎,6
铊,2
铇,1
铅,7
铄,1
铃,96
铁,443
钿,3
钻,211
钺,17
钹,10
钵,72
钳,8
钱,134
钯,315
钮,2
钩,58
钧,7
钦,108
钥,6
钤,3
钢,100
钟,79
钞,8
钝,3
钗,16
钓,18
钏,1
钉,173
针,64
鑨,1
鐏,4
鐄,3
鏖,2
鍪,2
鋘,3
銮,55
鉴,14
金,1377
量,121
野,133
重,260
里,2833
释,35
采,74
醺,2
醴,4
醮,7
醪,5
醒,102
醐,2
醍,2
醋,10
醉,25
醄,2
酿,6
酾,1
酸,20
酷,2
酲,2
酱,20
酬,42
酪,4
酩,2
酥,26
酣,9
酡,2
酝,1
酗,1
酕,2
酒,300
配,63
酌,11
酊,2
酉,10
酆,7
鄱,1
鄙,12
鄂,1
都,1182
郸,1
郭,9
部,158
郡,77
郑,2
郎,121
郊,4
郁,27
邻,32
邸,1
邷,1
邵,1
邱,7
邪,205
邦,47
那,7516
邓,26
邑,1
邅,6
邃,1
邂,1
邀,33
避,71
遽,2
遵,58
遮,106
遭,142
遨,2
遥,89
遣,43
遗,22
道,11078
遐,3
遏,2
遍,179
遇,227
遂,267
遁,19
逾,1
逼,30
逻,8
逸,8
逶,2
逭,1
逢,121
造,180
速,27
逞,35
逝,1
通,438
逗,1
途,68
递,153
逐,47
透,63
逍,30
逊,8
选,64
逆,16
逅,1
逃,101
适,75
送,480
退,173
追,56
迹,60
迸,50
迷,64
迳,1
述,1
迭,62
迫,2
迩,2
迦,25
迥,6
迤,2
迢,10
迟,117
连,321
违,31
远,351
进,792
这,3807
还,1215
返,60
迓,11
近,398
运,67
迎,365
迍,10
迈,6
过,908
迅,13
迁,10
辿,1
达,31
边,743
辱,14
辰,105
辩,4
辨,75
辣,14
辟,70
辞,118
辜,2
辛,57
辘,23
辖,15
辕,7
辔,23
输,45
辐,1
辏,1
辍,2
辋,1
辉,57
辈,64
辇,28
辆,8
辅,13
辄,9
较,47
辂,1
轿,58
载,48
轻,245
轸,3
轴,4
轳,5
轰,17
软,98
轮,214
转,476
轩,22
轧,2
车,76
軃,6
躲,116
躯,31
躬,93
身,1637
躧,30
躘,8
躇,5
躁,11
蹼,3
蹻,1
蹶,1
蹴,1
蹲,30
蹱,1
蹭,9
蹬,25
蹡,11
蹙,4
蹑,1
蹍,1
蹋,1
蹊,11
蹉,4
蹈,11
蹅,2
蹄,40
踵,13
踪,67
踢,31
踡,1
踞,3
踘,1
踏,115
踌,5
踊,9
踉,9
跼,1
跷,15
践,6
跳,383
路,1063
跬,2
跪,171
跨,27
跤,4
跣,1
跟,184
距,1
跘,1
跑,181
跎,1
跌,162
跋,5
跄,9
跃,26
趾,1
趷,1
足,161
趱,14
趫,1
趣,18
趟,1
趋,11
越,65
超,49
趄,2
趁,105
起,1077
赶,379
赵,13
赴,103
走,1291
赭,10
赫,2
赦,30
赥,2
赤,95
赣,1
赢,50
赡,31
赠,6
赞,36
赜,1
赛,95
赚,19
赘,8
赖,32
赔,3
赓,2
赑,1
赐,107
赏,60
赎,2
赍,7
赌,105
赋,4
赊,3
赈,1
赆,1
资,16
赃,15
赁,6
贿,1
贾,6
贽,2
贼,225
贻,5
贺,55
费,58
贵,66
贴,55
贱,26
贰,2
贯,35
贮,3
贬,36
贫,195
贪,52
贩,15
质,7
货,61
败,171
贤,188
责,11
财,75
贡,14
负,80
贞,22
贝,289
貔,2
貌,122
貉,2
貅,1
貂,5
豺,3
豹,60
豸,5
豪,33
象,324
豝,3
豚,1
豕,7
豇,1
豆,26
豁,1
谷,43
谶,2
谵,1
谴,2
谲,1
谱,2
谯,3
谬,13
谪,2
谩,1
谨,71
谦,17
谤,6
谣,6
谢,463
谜,4
谛,90
谙,4
谗,3
谕,6
谓,49
谒,13
谐,18
谏,2
谎,31
谋,38
谊,1
谈,79
谆,2
谅,8
谄,2
调,98
谁,171
课,10
诽,1
读,22
诺,19
诸,168
请,869
诵,48
说,2327
诳,36
诲,15
诱,13
诰,1
误,78
语,344
诬,5
诨,1
详,16
该,177
诣,5
询,13
诡,2
诞,4
话,513
诛,21
诚,139
诘,3
诗,191
试,63
诓,2
译,1
诏,18
词,37
诊,11
诉,34
诈,22
识,188
评,2
诃,7
诂,1
证,104
诀,94
访,72
设,140
讽,5
讼,1
论,116
讹,5
许,234
讶,10
讵,1
讴,2
讳,8
讲,197
记,101
讯,42
议,37
训,9
讫,33
讪,1
让,168
讨,81
认,391
订,2
计,221
譬,2
警,1
誓,22
誊,3
誉,6
詈,2
言,1323
触,15
觥,7
解,492
觞,5
觜,2
觔,6
角,138
觑,10
觌,13
觉,217
览,7
视,40
觅,25
规,18
观,553
见,3429
覆,7
要,1387
西,903
襟,11
襕,22
褶,2
褴,2
褭,1
褪,12
褥,1
褡,1
褛,1
褒,3
褐,1
褊,16
裾,1
裹,35
裸,2
裳,20
裰,45
裩,2
裤,6
裟,156
裙,56
裘,6
裔,3
裆,8
装,150
裂,21
裁,17
裀,2
袱,63
袭,13
被,629
袢,1
袜,7
袛,1
袖,98
袒,1
袍,62
袋,36
袈,155
袅,8
袄,15
袂,2
袁,8
衾,5
衽,1
衷,2
衲,13
衰,21
衬,32
衫,28
表,107
补,26
衣,482
衢,8
衡,6
衠,3
衙,41
街,100
衕,4
衔,34
衍,1
行,5629
血,105
蠲,1
蠢,10
蠙,5
蠃,3
蟾,5
蟹,37
蟮,1
蟭,18
蟠,64
蟟,18
蟒,29
蟋,2
蟆,3
螺,4
螭,1
融,11
螃,7
蝼,6
蝶,15
蝴,5
蝠,2
蝙,1
蝎,7
蝉,28
蝇,29
蜾,1
蜻,18
蜷,1
蜢,7
蜡,10
蜜,29
蜚,1
蜘,10
蜗,2
蜓,15
蜍,4
蜋,1
蜈,6
蜇,3
蜃,6
蜂,23
蜀,5
蛾,13
蛱,1
蛰,8
蛮,11
蛭,4
蛩,2
蛤,3
蛟,26
蛛,13
蛙,3
蛏,1
蛎,1
蛋,3
蛇,80
蛆,1
蛀,2
蚯,1
蚤,5
蚣,6
蚕,10
蚓,2
蚌,2
蚊,6
蚂,6
蚁,13
虾,34
虽,226
虼,5
虹,14
虱,9
虬,3
虫,145
虞,7
虚,171
虔,26
虑,45
虐,4
虏,2
虎,351
虀,2
蘼,3
蘸,13
蘩,1
蘛,1
蘑,8
蘋,4
藿,2
藻,3
藩,1
藤,73
藜,11
藕,9
藓,10
藐,4
藏,1602
薰,1
薯,1
薪,6
薤,1
薜,9
薛,4
薏,1
薇,4
薅,1
薄,31
蕴,2
蕨,1
蕙,9
蕖,2
蕊,77
蕉,63
蕈,5
蕃,2
蔽,9
蔼,21
蔷,3
蔬,15
蔗,1
蔓,9
蔑,1
蓼,12
蓬,103
蓦,2
蓝,81
蓑,6
蓏,3
蓍,3
蓉,9
蓄,1
蓁,1
蒿,9
蒺,4
蒹,2
蒸,110
蒲,19
蒯,1
蒭,2
蒜,6
蒙,168
蒂,4
葵,6
葱,10
葭,2
葬,7
葫,90
葩,7
董,2
葡,9
葛,29
著,9
落,360
萼,5
萱,1
萨,787
萧,23
萦,5
营,60
萤,8
萝,29
萏,3
萍,2
萌,4
萄,10
菾,3
菽,1
菲,11
菱,6
菰,2
菩,798
菡,3
菠,1
菜,63
菘,1
菖,1
菔,2
菑,1
菊,11
菇,9
菂,2
菁,7
莽,8
莺,9
莹,1
获,44
莴,1
莲,111
莱,19
莫,751
莙,1
莎,9
莉,1
荽,1
荼,4
荻,3
荷,18
药,190
荬,1
荫,17
荧,6
荤,44
荣,29
荡,137
荠,4
荞,2
荜,3
荙,1
荔,6
荒,54
荐,10
草,269
荇,1
荆,39
茸,6
茶,213
茵,7
茴,1
茯,3
茭,3
茫,30
茧,3
茔,3
茏,1
茎,1
茉,3
茆,1
茅,21
茄,3
范,3
茂,17
苾,1
苹,2
英,91
苫,12
苦,342
若,937
苡,1
苟,11
苞,1
苗,16
苔,18
苓,4
苑,12
苏,23
苍,87
苋,2
苇,3
芽,19
芹,4
芳,32
花,727
芰,3
芭,66
芬,1
芫,1
芦,108
芥,9
芤,2
芝,29
芜,2
芙,9
芒,14
芍,9
芋,6
芊,2
节,132
艾,6
艺,40
艳,71
色,336
艰,17
良,86
艮,6
艎,1
艇,5
船,94
舵,1
舱,1
般,565
航,3
舟,26
舞,126
舜,7
舔,2
舒,29
舍,219
舌,55
舆,6
舅,22
舂,4
舀,12
臾,73
臼,1
臻,6
致,80
至,768
臭,20
自,979
臣,206
臊,17
臂,32
臁,1
臀,3
膻,2
膳,20
膭,1
膨,1
膝,16
膜,2
膛,5
膘,2
膏,14
膊,25
膂,6
膀,1
腿,40
腾,151
腼,1
腻,16
腹,71
腰,190
腮,42
腭,2
腥,17
腕,6
腔,16
腑,8
腐,16
腌,15
腋,1
腊,12
腆,4
脾,5
脸,257
脱,321
脯,5
脚,314
脓,23
脑,62
脐,5
脏,19
脊,26
脉,38
脆,4
脂,18
能,626
胸,70
胯,6
胭,10
胧,20
胡,142
胞,6
胜,272
胖,23
胎,96
背,161
胆,149
胄,4
胃,6
胁,12
胀,11
肿,11
肾,2
肺,8
肴,19
育,21
肱,4
肯,223
肩,51
肥,19
肤,6
肢,11
股,49
肠,55
肝,39
肚,124
肘,2
肖,3
肓,1
肐,5
肌,10
肋,2
肉,162
肆,8
肃,13
聪,7
聚,67
聘,1
联,20
聒,23
职,33
聋,12
聊,14
聆,5
耿,6
耽,18
耻,7
耸,30
耶,73
耳,297
耨,1
耙,4
耘,2
耗,5
耕,12
耐,34
耍,164
而,571
者,4989
考,5
老,3412
耀,31
翼,6
翻,193
翳,4
翱,2
翰,7
翮,2
翩,10
翥,1
翡,9
翠,134
翛,2
翘,10
翕,2
翔,5
翎,10
翊,1
翅,68
翁,46
羿,1
羽,28
羹,3
羸,4
羲,1
群,170
羡,11
羞,65
羚,2
羔,2
羑,1
美,162
羌,1
羊,93
羁,7
罾,1
罴,6
置,29
罪,271
罩,50
罢,753
罡,16
罚,6
罗,319
罕,22
罔,6
网,54
罐,11
罍,2
罄,12
缺,11
缸,28
缴,17
缰,33
缯,2
缭,9
缪,3
缩,24
缨,17
缥,19
缤,12
缢,5
缠,107
缟,2
缝,29
缚,52
缘,127
编,18
缕,21
缓,31
缎,5
缉,4
缈,18
缆,6
缄,1
缃,6
缁,4
缀,3
绿,79
绾,1
绽,16
综,1
绺,1
绸,3
绷,5
绶,5
绵,35
维,15
绳,212
绰,39
绮,11
续,8
绫,20
绪,7
绩,14
继,11
绦,30
绣,124
绢,7
绡,9
统,10
绞,8
绝,116
络,10
绛,12
绚,2
给,28
绘,1
绕,91
绔,2
结,180
绒,21
绑,74
经,939
绎,1
绍,2
绊,15
终,67
织,16
细,321
练,10
线,42
纽,4
纻,4
纺,3
纹,8
纸,59
纷,90
纶,4
纵,246
纳,42
纲,10
纱,35
纯,12
纭,4
纬,5
纫,1
纪,37
级,11
约,52
纥,3
纤,12
红,340
纠,25
繁,10
縺,2
絯,2
絮,27
累,66
紫,136
紧,287
索,166
素,171
紊,3
系,50
糰,1
糯,3
糠,7
糟,13
糜,4
糙,10
糖,16
糕,14
糊,19
精,1038
粽,2
粲,1
粱,4
粮,36
粪,3
粥,8
粟,2
粘,10
粗,110
粒,34
粉,90
类,73
籴,1
米,88
籥,1
籍,12
籁,11
簿,34
簸,5
簪,11
簧,2
簌,3
簇,74
簆,1
篾,9
篷,28
篱,13
篮,23
篡,2
篙,6
篓,2
篏,1
篇,16
篆,7
篁,13
箸,6
箴,1
箱,8
箭,45
箬,3
箫,10
箪,2
箨,2
箧,2
管,340
箝,3
算,95
箕,8
箔,2
箓,7
箍,238
简,51
签,1
筹,9
筵,69
筮,2
筠,1
筝,1
筛,10
策,33
答,184
筒,3
筑,134
筐,3
筏,10
筋,173
等,1594
筇,1
笼,121
第,250
符,26
笤,7
笠,9
笞,2
笛,4
笙,14
笔,32
笑,1017
笏,3
笋,22
笊,3
笆,1
笄,2
笃,3
竿,33
竺,43
竹,122
端,168
竭,19
竦,2
童,261
章,121
竟,110
竞,18
站,84
竖,33
立,297
窿,22
窦,1
窥,3
窠,3
窟,41
窝,65
窜,4
窘,1
窗,57
窖,7
窕,5
窑,9
窎,1
窍,31
窊,1
窈,4
窄,19
窃,15
突,25
穿,272
空,1067
穹,5
穷,54
究,6
穴,34
穰,2
穗,4
穑,1
稽,9
稼,3
稻,9
稷,12
稳,74
稠,2
稚,3
稔,1
稍,18
程,92
稀,58
秾,5
秽,20
移,50
称,267
积,67
秧,4
秦,19
秤,21
租,4
秘,7
科,19
种,72
秋,90
秉,38
秇,1
秃,17
私,46
秀,80
禾,7
禽,64
离,218
禺,2
禹,9
禳,4
福,145
禅,178
禄,51
禁,73
禀,14
祸,114
祷,30
祯,3
祭,57
票,2
祥,153
祠,19
祟,8
神,1191
祝,36
祛,11
祚,1
祗,1
祖,263
祐,7
祈,24
祇,24
祀,5
社,26
礼,521
示,36
磷,20
磴,2
磲,1
磬,22
磨,70
磕,104
磐,1
磊,4
磁,12
碾,7
確,1
碴,1
碧,74
碣,9
碟,4
碛,1
碗,88
碓,10
碑,12
碎,119
碍,25
碌,12
硬,53
硝,3
硗,1
硕,1
砾,1
砺,1
破,240
砧,3
砥,2
砚,7
砖,33
砑,5
砍,105
砌,26
砂,42
石,413
矮,12
短,117
矬,4
矫,1
矩,5
矧,1
知,1358
矣,149
矢,3
矛,4
矗,10
瞽,1
瞻,19
瞰,1
瞬,1
瞧,3
瞥,2
瞔,1
瞒,85
瞑,7
瞎,5
瞌,14
瞅,3
睺,2
睹,9
睳,2
睮,8
睬,14
睦,6
督,8
睡,307
睛,121
睖,2
睍,1
睆,4
睁,74
着,2492
眼,497
眺,2
眸,3
眷,25
眭,1
眩,1
眠,30
真,1092
眙,2
看,2039
眉,73
省,48
盼,19
盹,18
相,888
直,340
盲,3
盱,2
目,127
盟,2
盞,1
盛,82
盘,236
盗,62
盖,164
盔,29
盒,6
监,76
盐,16
盏,72
益,12
盈,47
盆,41
盅,1
盂,60
皿,7
皻,1
皱,16
皮,215
皤,4
皘,19
皓,8
皐,1
皎,17
皋,2
皈,82
皇,232
皆,244
的,5433
皂,36
百,535
白,509
登,147
癸,1
癫,2
癞,10
癃,1
癀,1
瘼,1
瘴,6
瘫,1
瘩,1
瘦,26
瘢,1
瘟,14
瘖,2
痴,37
痰,4
痫,1
痨,6
痞,1
痛,118
痖,5
痕,16
痒,24
痊,2
痈,2
症,1
病,102
疾,44
疼,141
疸,2
疴,6
疲,6
疯,3
疮,2
疥,4
疤,2
疙,3
疗,2
疑,104
疏,29
疆,5
畿,2
畴,2
番,139
畦,2
略,76
畜,86
留,274
畔,10
畏,7
界,262
畅,7
画,53
男,99
电,59
申,20
甲,122
由,59
田,64
甫,1
用,545
甥,12
生,1282
甜,17
甚,1170
甘,52
瓶,111
瓴,1
瓯,3
瓮,8
瓦,51
瓣,17
瓢,10
瓠,2
瓜,55
璧,3
璞,1
璋,1
璃,34
瑶,65
瑰,3
瑠,1
瑟,4
瑞,80
瑜,5
瑚,7
瑙,11
瑕,6
瑁,5
瑀,19
琼,28
琶,13
琵,13
琴,11
琳,1
琮,1
琪,11
琥,5
琢,14
琚,1
琗,1
琐,2
琉,23
理,242
琅,2
球,35
珰,2
珮,9
班,116
珪,10
珠,115
珑,20
珍,60
珊,8
珉,1
珀,5
玻,10
玷,4
玳,5
玲,21
现,264
环,79
玫,2
玩,46
玨,1
玠,1
玛,11
玑,2
玎,2
王,2714
玉,583
率,27
玄,179
獾,6
獭,2
獬,11
獠,15
獝,2
獗,6
獒,1
獐,39
猿,100
猾,1
猷,2
猴,660
猱,12
献,110
猫,11
猪,337
猩,13
猥,2
猢,60
猜,43
猛,92
猖,14
猕,14
猎,21
猍,1
猊,10
猁,1
狼,109
狻,9
狸,28
狲,58
狱,45
狰,2
狮,139
狭,4
独,83
狨,3
狤,2
狢,8
狡,12
狠,76
狞,6
狗,23
狔,3
狐,57
狎,1
狈,7
狂,93
犼,5
犺,6
犹,49
状,70
犴,10
犯,61
犭,2
犬,42
犒,2
犊,4
犁,2
犀,36
牺,3
特,177
牸,1
牵,143
牲,11
牯,3
物,503
牧,5
牢,45
牡,9
牟,7
牛,274
牙,159
牖,4
牒,53
牌,112
版,5
片,81
爽,25
爻,4
爹,23
爷,563
父,1896
爵,11
爱,148
爰,1
爬,119
爪,43
爨,2
爊,2
爇,2
爆,11
燧,2
燥,25
燕,20
燎,14
燃,5
熳,2
熯,2
熬,30
熟,122
熝,1
熙,2
熔,1
熏,18
熌,10
熊,28
熄,3
煽,1
煼,5
煮,44
煨,6
照,189
煤,3
煠,3
煞,9
煎,37
煌,21
煅,9
然,879
焰,114
焯,1
焦,52
焜,1
焚,44
焙,1
焕,1
焉,10
焃,4
烹,17
热,72
烬,9
烫,2
烨,4
烧,221
烦,132
烤,1
烟,192
烛,42
烙,2
烘,43
烈,50
烂,61
烁,7
炽,2
炼,113
点,344
炸,1
炷,3
炳,2
炮,18
炭,14
炬,1
炫,1
炙,1
炖,1
炒,15
炎,17
炊,4
炉,97
炁,1
灿,19
灾,115
灼,54
灸,1
灶,26
灵,404
灰,38
灯,241
灭,117
火,820
灞,8
灒,2
灌,24
瀼,2
瀛,16
瀑,7
濯,12
濛,1
激,27
澹,1
澳,1
澡,18
澜,5
澌,2
澄,22
潺,29
潮,22
潭,28
潦,1
潠,2
潜,38
潘,1
潇,23
漾,4
漷,2
漱,6
漫,70
漩,1
漠,34
漕,2
演,59
漓,6
漏,33
漉,2
漆,43
滴,84
滩,17
滥,2
满,445
滞,17
滚,200
滔,25
滑,38
滋,16
滉,1
滂,5
溺,13
溶,2
溲,1
溪,32
溢,1
溟,4
溜,54
源,35
溅,5
湿,14
湾,25
湲,5
湛,10
湘,4
湖,24
湍,3
湅,2
渺,41
游,127
渴,39
渰,16
港,1
渭,5
温,92
渤,1
渣,1
渡,77
渠,1
渚,1
渗,2
渔,41
渐,111
渎,14
渍,2
渊,17
清,351
添,60
淹,6
混,72
淳,2
深,255
淮,7
淬,17
淫,17
淤,2
淡,51
淙,7
淘,15
淌,7
淋,53
淇,1
淅,10
淄,3
涸,4
涵,3
涴,1
液,13
涯,29
涩,5
涨,11
涧,147
润,26
涤,13
涝,2
涛,12
涕,7
涓,10
涎,14
涌,29
涉,24
消,203
涅,7
涂,7
浼,2
浸,18
海,501
浴,34
浮,67
浪,104
浩,15
浦,3
浙,1
浓,39
浑,93
济,92
浍,1
测,8
浊,13
浇,14
浆,40
浅,36
流,275
派,26
洼,2
活,207
洲,95
洪,84
津,15
洞,816
洛,1
洗,111
洒,36
洋,50
洁,20
泾,18
泽,13
泼,243
泻,3
泱,6
泰,37
泯,3
泫,1
泪,188
注,35
泥,51
泣,9
波,169
泡,11
泠,1
泞,1
泛,18
泗,2
法,755
泓,1
泌,1
泊,3
泉,89
泄,26
沿,17
沾,23
沽,7
沼,11
治,105
油,128
沸,3
河,294
沱,5
沫,9
沧,8
沦,9
沥,6
沤,1
没,556
沟,12
沛,1
沙,1109
沓,1
沐,22
沍,1
沌,17
沉,115
沃,1
沁,3
汾,2
汽,1
汹,4
汲,5
汪,34
汨,1
汤,92
污,39
池,110
江,158
汞,10
汝,156
汛,1
汗,24
汊,1
汉,190
求,324
汁,8
汀,3
永,76
水,1125
氲,9
氤,7
氛,9
气,610
民,94
氐,2
氏,40
氅,8
毯,2
毬,1
毫,176
毧,1
毡,14
毛,293
毗,35
毕,286
比,220
毒,100
每,90
母,328
毋,1
毂,22
毁,15
殿,495
殷,39
段,174
殡,2
殖,2
殓,2
殒,1
残,67
殊,20
殄,5
殃,7
殁,1
死,569
歹,87
歪,21
武,179
步,289
此,2093
正,1297
止,126
歌,48
歉,1
歇,112
款,23
欺,122
欹,2
欷,2
欲,229
欧,1
欤,1
欣,52
欢,301
次,152
欠,53
檠,2
檐,33
檎,3
檄,7
檀,24
橹,1
橦,1
橙,5
橘,2
橐,1
橄,2
樽,4
樵,82
樱,11
樯,1
横,67
樨,1
模,166
樗,5
樊,3
槿,3
槽,10
槺,1
槟,1
槛,13
槐,11
槎,7
槌,9
槅,2
槃,12
槁,3
榾,2
榻,19
榴,14
榧,3
榜,59
榛,4
榔,4
榇,1
榆,4
榄,2
概,22
楼,237
楷,4
楮,5
楫,4
楠,4
楟,2
楞,7
楝,1
楚,25
椿,5
椽,5
椰,10
椒,7
植,4
椅,24
棺,14
棹,11
棵,9
棱,10
森,83
棬,2
棣,1
棠,8
棚,3
棘,30
棕,9
棒,648
棍,214
棋,20
棂,11
检,29
梵,6
梳,16
械,26
梯,10
梭,13
梨,13
梧,9
梦,114
梢,34
梓,4
梆,27
梅,65
梃,10
梁,83
桶,22
桩,38
桨,4
桧,14
桥,114
桡,1
桠,8
桔,2
桓,9
桑,12
桐,3
桌,72
案,57
桅,4
桃,183
桂,13
栽,22
格,29
根,315
核,23
样,361
株,37
校,33
栗,8
栖,18
栓,2
树,330
栏,26
栋,16
栊,6
栈,7
标,12
栅,1
柿,12
柴,73
柳,127
柱,51
柰,2
柯,12
柮,2
柬,8
柩,1
查,96
柞,1
柜,67
柘,1
柔,12
染,28
柑,1
某,2
柏,46
柄,53
枸,1
枷,10
架,169
枰,2
枯,55
枭,3
枫,7
枪,199
枣,24
枢,4
枝,97
果,889
枚,12
林,250
枕,17
枓,1
枒,5
枋,1
枉,45
枇,2
极,106
板,54
松,250
杻,1
杷,2
杵,32
杳,8
杲,2
杰,18
杯,98
杭,1
杪,1
杨,48
来,5994
条,331
杠,3
束,113
杞,1
杜,11
杖,201
杓,4
村,77
材,21
杏,28
李,312
杌,1
杉,1
杈,1
杆,25
权,39
杂,39
杀,384
朽,9
机,67
朵,101
朴,4
朱,75
术,41
札,28
本,679
末,10
未,384
木,291
朦,24
期,109
朝,567
望,438
朗,36
朕,136
朔,14
服,198
朋,25
有,4488
月,399
最,47
替,86
曾,715
曼,3
曹,71
更,418
曳,4
曲,55
曰,226
曜,28
曛,1
曙,2
暴,35
暮,17
暨,3
暧,1
暗,335
暖,38
暑,27
暇,7
暄,1
暂,20
晾,3
智,50
晶,27
晴,28
晰,1
景,111
普,64
晨,8
晦,45
晤,4
晡,2
晚,223
晖,3
晕,12
晓,203
晒,27
晏,9
晌,19
晋,4
晃,19
显,152
昼,51
昴,13
是,6498
昭,12
昨,101
昧,24
春,148
映,62
星,499
昙,2
昔,20
易,71
昏,148
明,710
昌,4
昊,1
昆,24
昂,64
旻,2
旺,5
旷,11
时,1623
旱,16
旭,1
旬,3
早,608
旨,320
旧,151
旦,7
日,1374
既,380
无,1764
旗,103
旒,1
族,26
旌,30
旋,35
旅,11
旄,3
旃,6
旁,220
施,239
方,1094
新,113
斯,30
断,189
斫,2
斩,56
斧,64
斤,49
斟,33
斝,1
斜,41
斛,1
料,60
斗,465
斓,10
斑,30
斋,418
文,401
敷,4
整,190
敲,66
数,388
敬,73
敧,9
敦,3
散,245
敢,724
敞,7
敝,11
敛,24
教,1019
敖,46
敕,39
救,580
敏,2
敌,104
效,7
故,369
政,7
放,779
攻,31
改,66
攸,5
收,549
支,41
攥,6
攘,3
攒,69
攀,46
擦,23
擢,1
擞,41
擒,132
擎,36
操,15
擅,39
擂,27
撼,10
撺,32
撮,27
播,27
撬,1
撩,11
撤,8
撞,239
撒,88
撑,51
撇,49
摺,4
摸,113
摩,72
摧,12
摘,46
摔,1
摊,1
摇,279
摆,193
摄,94
搽,5
携,49
搴,7
搲,2
搭,93
搬,54
搫,1
搪,9
搧,21
搠,22
搜,36
搕,1
搔,4
搓,12
搊,2
搅,70
搂,15
搁,11
搀,89
揾,3
揸,3
援,10
揲,3
揭,154
揫,1
揪,61
揩,13
揣,23
握,2
揞,1
揝,14
揖,16
插,53
提,116
描,12
揌,8
揉,15
掼,33
掷,10
掳,11
掯,7
掮,6
掭,4
掬,23
措,17
掩,36
推,179
控,17
接,324
掤,1
掣,130
探,44
掠,9
掘,4
排,241
掐,12
掏,3
掌,165
掉,2
授,41
掇,3
掂,2
掀,38
捽,40
捻,116
捷,1
捶,25
捱,23
据,18
捧,81
捣,47
换,165
捡,6
损,55
捞,47
捘,1
捕,20
捐,4
捏,53
捎,26
捍,6
捋,4
捉,235
捆,99
挽,28
挺,56
挹,1
振,53
挫,15
挪,7
挨,48
挦,3
挥,12
挤,13
挣,74
挡,69
挠,9
挟,20
挞,7
挝,24
挜,4
挛,3
挖,2
挑,155
挎,7
按,195
挈,10
指,241
挂,170
持,205
拿,959
拾,104
拽,86
拷,10
拶,2
拴,63
拳,82
拱,63
拯,17
拭,2
括,3
择,4
拨,34
拧,1
拦,57
拥,89
拣,13
拢,18
拟,1
拜,789
招,141
拚,10
拙,31
拘,39
拗,3
拖,72
拔,99
拒,4
拑,4
拐,58
拍,7
拌,3
拊,1
拉,45
拈,46
拇,1
拆,30
担,179
拄,21
拂,34
抽,59
押,46
抹,56
抵,70
抱,66
抬,274
披,109
报,443
护,249
抢,77
抠,3
抟,19
抛,93
抚,7
折,97
抗,6
抖,129
投,94
抓,61
抒,1
抑,2
把,1702
抉,3
抅,1
抄,8
承,83
找,99
批,7
扶,97
扳,37
扰,23
扯,289
扮,42
扭,50
扬,91
扫,105
执,174
扣,31
扢,26
扠,5
扛,44
托,112
打,1647
扒,6
扑,126
扎,31
才,861
手,1367
扉,11
扇,267
扆,3
扁,11
所,298
房,217
户,80
戴,82
戳,4
戮,4
截,29
戟,36
戛,1
戚,14
战,502
戗,5
或,135
戕,1
戒,1867
我,7224
成,496
戏,48
戎,2
戌,5
戊,1
戈,24
懿,2
懵,4
懦,2
懞,4
懒,61
懊,5
懈,8
懂,6
憩,1
憨,1
憔,2
憎,1
慽,1
慷,1
慵,1
慰,1
慨,8
慧,26
慢,146
慕,5
慎,12
慌,339
慈,130
愿,162
愧,13
感,119
愚,56
愕,1
意,516
愍,2
愉,1
愈,31
愆,13
愁,79
惺,2
惹,55
惶,26
惴,3
想,491
惰,10
惯,19
惮,1
惭,13
惫,30
惩,6
惨,39
惧,105
惠,41
惟,69
惜,24
惚,3
惑,21
惊,477
情,364
悴,3
悲,128
悯,20
悮,1
悭,4
悬,67
悦,22
患,18
悠,26
悟,715
悚,39
悖,3
悔,19
悉,4
悄,83
恼,155
恻,1
恹,2
恶,199
恳,18
恰,14
息,131
恭,34
恬,1
恩,268
恨,134
恧,1
恤,4
恣,3
恢,1
恙,3
恕,56
恓,3
恒,4
恐,306
恍,7
恋,19
恃,5
恁,8
总,63
怯,33
怪,1556
怨,65
性,469
急,569
怡,11
怠,41
思,184
怜,116
怛,1
怖,6
怕,402
怒,209
怎,1426
怆,8
怅,2
态,9
怀,104
忿,7
忽,387
忻,3
念,539
快,451
忧,68
忤,6
忠,20
忝,4
忙,308
忘,70
志,41
忖,10
忒,58
忑,1
忐,1
忏,8
忍,190
忌,6
忆,14
必,349
心,1471
德,132
徵,6
微,101
徭,3
循,7
御,224
徜,1
徘,1
得,3845
徒,775
徐,27
律,29
徊,1
徉,3
很,2
待,355
径,528
征,74
往,688
彼,38
彻,40
役,6
影,113
彰,2
彭,1
彪,14
彩,213
彤,6
形,122
彘,8
录,18
当,813
归,259
彀,87
弼,55
强,207
弹,33
弱,25
弯,26
弭,1
弩,11
弦,20
弥,63
张,279
弟,1177
弘,12
引,225
弓,47
式,3
弊,4
弈,7
弄,369
弃,36
异,90
弁,1
开,906
建,42
廷,17
延,52
廓,4
廊,66
廉,5
庾,1
庸,5
康,14
庶,35
庵,31
庭,44
座,285
度,118
废,10
庞,8
府,278
庚,18
庙,53
店,54
庖,5
底,143
应,237
库,18
庑,5
庐,3
序,8
床,77
庇,3
庆,34
庄,160
广,167
幽,98
幼,83
幻,4
幸,158
并,157
年,798
平,232
干,334
幢,27
幡,26
幛,1
幕,5
幔,10
幌,192
幅,10
幄,1
帽,58
常,265
帷,2
帮,35
席,88
带,303
帝,374
帜,2
帛,10
帚,20
帘,101
帖,57
帕,7
帔,2
帓,1
帐,50
帏,6
希,4
师,2622
帅,119
布,167
市,51
币,1
巾,34
巽,19
巷,9
巴,63
巳,13
已,456
己,43
差,308
巫,1
巩,3
巨,38
巧,82
左,267
工,57
巢,37
巡,86
州,87
川,33
巍,57
巉,2
巅,21
嶷,2
嶝,2
嶒,5
嶂,7
嵯,12
嵩,1
嵘,21
嵎,1
嵌,13
嵂,4
崩,19
崚,4
崖,180
崔,33
崒,4
崎,14
崇,7
峻,54
峰,109
峭,6
峪,4
峨,24
峦,15
峥,21
峤,3
岸,156
岳,38
岱,3
岭,131
岫,7
岩,48
岛,22
岚,4
岗,2
岖,13
岑,1
岂,122
岁,188
屹,3
山,2060
屯,9
履,40
屣,2
屡,16
屠,16
属,33
展,101
屑,6
屏,59
屎,5
屋,57
届,4
屉,3
屈,27
居,104
层,168
屁,9
局,10
尿,19
尾,78
尽,468
尼,28
尻,4
尺,80
尸,79
尴,3
就,2093
尬,1
尪,3
尧,5
尤,5
尝,44
尚,835
尘,164
尖,91
尔,15
少,376
小,1583
尊,234
尉,55
将,1919
射,19
封,86
寿,214
导,7
寻,549
寺,330
对,492
寸,61
寰,3
寮,1
寨,11
寥,2
寡,78
察,26
寞,9
寝,46
寓,3
寒,146
寐,6
富,40
寇,69
密,82
寅,14
寄,16
寂,61
宿,172
宾,10
宽,97
容,228
宸,1
家,1282
宵,50
宴,129
害,276
宰,40
宫,620
宪,3
宦,6
宥,4
室,14
宣,113
客,125
审,21
宠,4
实,337
宝,855
宜,27
宛,3
定,527
宙,19
官,746
宗,199
宏,1
完,66
宋,4
安,490
守,122
宇,70
宅,41
它,1
宁,53
孽,93
孺,1
孰,2
孩,131
学,97
孤,106
季,8
孟,4
孝,42
孜,16
孛,1
孙,1358
存,66
字,405
孕,8
孔,62
子,2985
孀,3
嬝,3
嬉,2
嫱,2
嫩,29
嫦,11
嫣,1
嫡,2
嫖,1
嫔,33
嫌,37
嫉,6
嫂,39
嫁,9
媾,3
媸,2
媳,5
媚,8
媒,14
婿,44
婷,4
婵,2
婴,24
婪,1
婢,20
婚,26
婆,223
娼,2
娶,5
娲,2
娱,4
娩,1
娥,53
娟,2
娜,7
娘,361
娑,7
娉,4
娇,87
娆,9
娄,4
娃,4
威,170
姿,29
姻,21
姹,8
姮,2
姬,4
姨,7
姢,2
姜,6
姚,7
委,24
姓,180
姑,13
姐,67
姌,1
始,56
姊,6
姆,7
妾,13
妻,116
妹,57
妲,1
妪,13
妩,1
妨,25
妙,137
妖,2313
妓,1
妒,9
妍,9
妈,82
妇,122
妆,64
妄,23
妃,62
如,1802
妁,1
好,1887
奸,12
奶,68
奴,35
女,689
奥,8
奢,2
奠,6
奘,91
套,61
奖,20
奕,7
奔,137
契,12
奏,301
奎,16
奋,11
奉,293
奈,191
奇,94
奁,5
夺,78
夹,29
夸,58
夷,26
头,2147
失,190
夯,49
央,17
夭,11
夬,1
夫,227
太,718
天,2640
大,4230
夤,1
够,3
夜,399
多,978
夙,2
外,684
夕,7
夏,34
复,207
备,113
处,1207
壶,36
壳,15
声,1171
壮,56
壬,1
士,285
壤,1
壑,27
壅,2
壁,171
墩,13
墨,19
墟,1
增,17
墙,58
墓,7
境,58
墀,9
塵,7
填,12
塞,39
塘,11
塔,140
塑,8
塌,20
堵,6
堰,1
堪,57
堤,11
堡,3
堕,34
堑,3
堆,55
堂,216
基,23
培,2
埠,1
域,20
城,485
埋,53
埃,30
埂,1
垫,3
垣,13
垢,28
垛,6
垓,13
垒,11
垂,94
坯,4
坫,1
坦,5
坤,56
坡,105
坠,49
坟,14
坞,1
坛,38
坚,43
块,99
坑,17
坐,627
坏,84
坎,13
坊,27
均,11
坂,5
址,3
场,240
地,1033
圯,3
圭,17
圩,1
在,3360
圣,1731
土,535
圞,2
圜,5
圊,1
圈,57
圆,78
圃,3
图,60
国,955
固,28
囵,15
围,143
囱,1
困,70
园,150
囫,15
团,80
因,485
囟,7
回,1310
四,1030
囚,5
囔,5
囒,1
囊,49
嚼,23
嚷,159
嚣,6
嚓,1
嚏,6
嚎,6
噹,9
噬,2
噫,34
噪,21
器,227
噤,9
噙,29
噘,1
噇,2
噀,2
嘻,36
嘹,6
嘶,8
嘴,306
嘲,1
嘱,14
嘬,2
嘤,37
嘛,11
嘘,17
嘑,1
嘎,2
嘉,13
嘈,6
嗽,4
嗳,8
嗤,2
嗣,2
嗟,14
嗛,6
嗗,1
嗔,37
嗓,2
嗒,3
嗉,2
嗅,4
喷,127
喳,8
喨,16
喧,52
喝,316
喜,689
喙,2
喘,20
喔,1
喑,2
喏,66
喋,1
喊,104
喉,17
喇,59
善,357
喃,3
喂,18
喁,1
啾,1
啼,87
啻,2
啸,18
啯,12
啮,1
啭,5
啖,1
啕,5
啐,7
啊,418
啈,1
商,56
啅,3
啄,10
啃,12
唿,44
唾,8
唵,17
唳,16
唱,79
唯,3
唬,190
唧,9
唤,306
唣,3
唠,1
唝,1
唐,1442
唏,16
唎,1
唉,2
唇,35
唆,5
哽,9
哼,47
哺,6
哲,2
哮,24
哭,224
哪,87
哩,737
哨,28
哦,5
哥,588
哝,15
哜,4
哗,21
哕,2
哑,24
哏,16
响,226
哉,85
哈,49
哇,4
哄,144
哃,2
哂,6
品,77
哀,42
咿,3
咽,32
咸,5
咶,1
咳,9
咱,1
咬,104
咪,2
咨,6
咧,1
咦,39
咤,11
咛,10
咚,1
咙,7
咒,193
咐,131
咏,3
咎,3
和,1023
咋,8
咇,2
咆,6
咄,27
咂,3
咀,2
命,716
呼,261
呻,10
呵,144
味,72
呱,1
周,71
呦,2
呢,17
呜,10
员,111
呖,5
呕,2
呐,19
告,233
呈,5
呆,471
呀,153
吾,149
吽,4
吼,42
吹,146
吸,30
吵,25
吴,5
启,116
吮,1
听,991
含,45
吩,129
吧,1
否,40
吠,7
吟,86
吞,59
吝,9
君,458
吕,6
吓,54
吒,87
向,352
吐,56
吏,18
后,916
名,628
同,572
吊,99
吉,68
合,352
吆,69
吅,3
各,522
吃,1014
吁,3
叹,65
司,98
号,162
叶,120
叵,7
右,231
史,32
叱,11
台,208
可,987
叮,51
叭,4
召,45
叫,1424
只,2490
叩,137
叨,30
另,21
句,102
古,228
口,915
叠,6
叟,27
叛,1
叙,73
变,926
受,335
取,838
叔,32
发,401
反,111
双,243
友,50
及,163
叉,175
又,2499
叇,6
叆,13
参,132
县,48
去,3699
厮,193
厨,26
厦,5
厢,155
原,620
厚,35
厘,9
厕,2
厌,8
压,97
厉,76
历,65
厅,56
厄,13
厂,5
卿,43
卺,5
卸,12
卷,304
卵,16
却,2046
即,993
危,18
印,33
卯,17
卮,3
卫,33
卧,31
卦,29
卤,3
卢,15
占,53
卞,3
卜,16
博,10
南,424
卖,115
单,36
卓,2
卒,19
卑,5
协,5
华,180
半,495
卉,13
午,44
升,84
千,683
十,1285
匿,1
匾,12
医,99
区,21
匹,113
匣,39
匡,4
匠,28
匝,11
匙,8
北,122
化,570
匆,2
包,158
匀,5
勿,52
勾,61
勺,1
勤,33
勣,3
募,6
勘,18
勒,71
勋,2
勉,11
勇,32
勅,1
势,107
劳,135
劲,9
劬,2
劫,61
努,41
助,133
动,488
劣,13
务,22
加,69
功,345
办,69
劝,69
力,433
劖,7
劈,103
剿,22
剽,1
割,30
副,27
剪,34
剩,13
剥,68
剜,12
剖,29
剔,16
剑,148
剐,8
前,1839
剌,8
削,37
剃,17
剂,2
剁,22
刽,8
刻,63
刺,72
刹,104
券,2
刷,32
制,29
刳,1
到,1450
刮,58
刬,2
别,235
利,148
刨,2
判,68
删,1
初,93
创,8
刚,116
则,163
刘,74
列,158
划,6
刑,25
刎,1
切,140
分,767
刃,26
刁,39
刀,293
凿,11
函,4
击,23
出,2296
凹,50
凸,1
凶,205
凳,17
凰,8
凯,4
凭,93
凫,1
凤,164
凡,206
几,706
凝,34
凛,27
凑,17
减,10
凌,48
凋,10
凉,54
准,45
凄,37
净,261
冽,1
冻,29
冷,126
况,33
决,95
冲,114
冰,75
冯,1
冬,43
冥,42
冤,56
冢,3
冠,67
农,8
军,118
写,83
冗,5
冕,2
冒,54
再,546
冉,14
冈,1
内,456
冀,1
兽,112
兼,3
养,170
兹,5
典,34
具,44
其,219
兵,473
兴,78
关,289
共,114
兰,40
兮,7
六,434
公,640
八,2268
全,231
入,606
兢,206
兜,57
党,17
兕,11
兔,63
兑,1
免,71
克,16
光,755
先,515
兆,5
充,21
兄,581
元,216
允,17
兀,8
儿,1993
儾,1
儡,1
儒,5
僽,2
僻,11
僵,4
僮,32
僭,1
僧,2858
僝,2
僚,1
像,32
傻,2
傲,28
催,34
傩,23
储,5
傥,1
傞,3
傍,17
傅,6
傀,1
偿,9
偷,208
偶,28
健,44
停,152
做,1000
偏,51
偎,8
偌,1
偈,7
假,307
偃,5
倾,41
值,83
债,8
倩,2
倨,3
倦,23
倥,1
借,165
倜,1
倚,83
候,127
倘,52
倒,595
倐,1
倏,10
倍,10
倈,2
俺,3
俸,7
俱,323
俯,35
修,231
俭,2
俫,1
俪,1
俨,1
俦,2
信,194
俟,6
保,282
俚,3
俗,91
俐,23
俏,17
俎,1
俊,46
俄,1
促,27
便,760
侵,29
侯,46
侮,20
侪,1
侧,41
侥,3
侣,8
侠,1
依,331
供,147
侍,154
例,3
侈,1
侄,14
使,597
佳,54
佯,16
佩,6
佥,2
佣,2
你,5522
佞,2
作,602
佛,767
余,124
何,1442
体,156
佑,12
佐,9
住,1201
低,133
位,319
佇,8
但,502
佃,1
伽,65
似,506
伺,22
伸,102
伶,30
伴,23
估,6
伯,74
伫,5
伪,6
伦,11
伤,305
传,362
伟,5
伞,10
会,680
伙,97
优,16
众,1186
休,263
伐,16
伏,261
伍,3
伊,4
伉,2
仿,5
任,78
价,24
件,245
仵,3
仲,2
仰,46
们,1419
仪,35
以,487
令,256
代,52
仞,3
仙,909
付,37
仗,33
他,5751
仔,126
仓,11
仑,12
从,382
仍,38
介,15
今,1087
仇,83
仆,16
仅,7
仃,4
仁,31
什,3
亿,8
人,3380
亵,3
亲,355
亮,93
亭,120
京,14
享,53
亩,6
亨,2
产,37
亦,153
亥,8
交,154
亢,9
亡,65
些,1042
亚,22
亘,8
井,106
五,758
互,1
云,1151
亏,109
于,320
二,1245
事,929
争,168
予,1
了,7752
乾,62
乳,13
乱,368
买,132
书,189
乡,65
习,22
也,2945
乞,43
九,376
乜,2
乙,20
乘,80
乖,45
乔,16
乓,25
乒,28
乐,162
乏,1
乎,58
乍,16
乌,98
之,2550
义,47
么,1546
久,185
乃,585
举,265
丽,40
主,514
为,968
丹,244
丸,30
临,92
串,7
丰,38
中,1717
丫,35
个,5704
丧,51
严,41
两,1300
丢,197
丞,92
丝,111
东,645
丛,56
业,53
丙,2
丘,54
世,260
丕,1
且,847
专,68
丑,121
与,2238
不,8882
下,3044
上,3776
三,3360
丈,241
万,693
七,385
丁,86
一,7969
㳠,1
〕,3
〔,3
】,7
【,7
　,202
□,8
…,22
—,32
{,1
],2
Z,1
Q,2
J,1
D,42
9,29
8,57
7,76
6,55
5,35
4,29
3,29
2,27
1,36
0,32
-,13
*,29
